{"creation_date":"2022-03-16","ligands":[{"description":"MAGNESIUM ION","name":["MG"],"number":"1","included":false,"model_binding_residues":[],"reason":{"bound":true,"relevant":true,"conserved_residues":false,"sterically_valid":false}},{"description":"MAGNESIUM ION","name":["MG"],"number":"3","included":false,"model_binding_residues":[],"reason":{"bound":true,"relevant":true,"conserved_residues":false,"sterically_valid":false}},{"description":"MAGNESIUM ION","name":["MG"],"number":"5","included":false,"model_binding_residues":[],"reason":{"bound":false,"relevant":false,"conserved_residues":false,"sterically_valid":false}},{"description":"ADENOSINE-5'-DIPHOSPHATE","name":["ADP"],"number":"2","included":false,"model_binding_residues":[],"reason":{"bound":true,"relevant":true,"conserved_residues":false,"sterically_valid":false}},{"description":"ADENOSINE-5'-DIPHOSPHATE","name":["ADP"],"number":"4","included":false,"model_binding_residues":[],"reason":{"bound":true,"relevant":true,"conserved_residues":false,"sterically_valid":false}},{"description":"ADENOSINE-5'-DIPHOSPHATE","name":["ADP"],"number":"6","included":false,"model_binding_residues":[],"reason":{"bound":true,"relevant":true,"conserved_residues":false,"sterically_valid":false}},{"description":"ADENOSINE-5'-DIPHOSPHATE","name":["ADP"],"number":"7","included":false,"model_binding_residues":[],"reason":{"bound":true,"relevant":true,"conserved_residues":false,"sterically_valid":false}},{"description":"ADENOSINE-5'-DIPHOSPHATE","name":["ADP"],"number":"8","included":false,"model_binding_residues":[],"reason":{"bound":true,"relevant":true,"conserved_residues":false,"sterically_valid":false}},{"description":"1,2-DIPALMITOYL-PHOSPHATIDYL-GLYCEROLE","name":["LHG"],"number":"9","included":false,"model_binding_residues":[],"reason":{"bound":true,"relevant":true,"conserved_residues":false,"sterically_valid":false}},{"description":"1,2-DIPALMITOYL-PHOSPHATIDYL-GLYCEROLE","name":["LHG"],"number":"10","included":false,"model_binding_residues":[],"reason":{"bound":true,"relevant":true,"conserved_residues":false,"sterically_valid":false}},{"description":"1,2-DIPALMITOYL-PHOSPHATIDYL-GLYCEROLE","name":["LHG"],"number":"12","included":false,"model_binding_residues":[],"reason":{"bound":true,"relevant":true,"conserved_residues":false,"sterically_valid":false}},{"description":"1,2-DIPALMITOYL-PHOSPHATIDYL-GLYCEROLE","name":["LHG"],"number":"16","included":false,"model_binding_residues":[],"reason":{"bound":true,"relevant":true,"conserved_residues":false,"sterically_valid":false}},{"description":"1,2-DIPALMITOYL-PHOSPHATIDYL-GLYCEROLE","name":["LHG"],"number":"17","included":false,"model_binding_residues":[],"reason":{"bound":true,"relevant":true,"conserved_residues":false,"sterically_valid":false}},{"description":"1,2-DIPALMITOYL-PHOSPHATIDYL-GLYCEROLE","name":["LHG"],"number":"18","included":false,"model_binding_residues":[],"reason":{"bound":true,"relevant":true,"conserved_residues":false,"sterically_valid":false}},{"description":"O-[(R)-{[(2R)-2,3-bis(octadecanoyloxy)propyl]oxy}(hydroxy)phosphoryl]-L-serine","name":["P5S"],"number":"11","included":false,"model_binding_residues":[],"reason":{"bound":true,"relevant":true,"conserved_residues":false,"sterically_valid":false}},{"description":"CARDIOLIPIN","name":["CDL"],"number":"13","included":false,"model_binding_residues":[],"reason":{"bound":true,"relevant":true,"conserved_residues":false,"sterically_valid":false}},{"description":"CARDIOLIPIN","name":["CDL"],"number":"14","included":false,"model_binding_residues":[],"reason":{"bound":true,"relevant":true,"conserved_residues":false,"sterically_valid":false}},{"description":"CARDIOLIPIN","name":["CDL"],"number":"15","included":false,"model_binding_residues":[],"reason":{"bound":true,"relevant":true,"conserved_residues":false,"sterically_valid":false}},{"description":"O-[(S)-hydroxy{[(2S)-2-hydroxy-3-(octadec-9-enoyloxy)propyl]oxy}phosphoryl]-L-serine","name":["S12"],"number":"19","included":false,"model_binding_residues":[],"reason":{"bound":true,"relevant":true,"conserved_residues":false,"sterically_valid":false}}],"mod_engine":"PROMOD3","pred_lddt":0.1514948475,"mdlchain_butpl_map":{"Y":"6tt7.1.Y"},"mdl_smtl_map":{"Y":"Y"},"tpl_info":{"6tt7.1.Y":{"origin":"reference database","label_asym_id":"Y","label_smtl_id":"Y","entity_type":"polymer","entity_id":"14"}},"major_issues":null,"oligo":{"based_on":"monomer","state":"monomer","state_bu":"hetero-3-3-1-1-1-1-1-1-1-8-1-1-1-1-1-1-1-mer","state_tpl":"monomer","qs_prediction":"0.000","qs_conserved":"not conserved","chains_to_mdl":1,"res_to_mdl":26},"modified_template":false,"residue_range":[{"chain_name":"Y","residue_from":"5","residue_to":"30"}],"chain_subprj_list":null,"templates":["1addc37fbc91a6a2209a3f7c4af1c7c44fe9ae9e"],"aln_map":{"Y":[["target","IMWVMPQLSPSLGYIFTSFTWLILFCALCSLWSDSPWSIRPSKANGLDLKQFSLL",0],["pdb_id=6tt7, chain=Y, assembly_id=1, offset=0 atoms","----MPQLDTSTWLTMILSMFLVLFIIFQL-------------------------",0]]},"plip":{},"qmean_values":{"global_scores":{"qmean4_norm_score":0.3637298905,"qmean4_z_score":-3.3690679954,"qmean6_norm_score":0.3867606791,"qmean6_z_score":-2.6914748357,"interaction_norm_score":-0.0274026143,"interaction_z_score":-0.4022392312,"cbeta_norm_score":-0.0027382239,"cbeta_z_score":-1.4776663896,"packing_norm_score":0.1155802649,"packing_z_score":-2.34639245,"torsion_norm_score":0.5145847611,"torsion_z_score":-2.8833597586,"ss_agreement_norm_score":0.5769113904,"ss_agreement_z_score":0.2094078066,"acc_agreement_norm_score":0.3846153846,"acc_agreement_z_score":-2.6870095744,"avg_local_score":0.3963508631,"avg_local_score_error":0.115},"local_scores":{"Y":[null,null,null,null,0.2970730712,0.3430295449,0.3920402346,0.3498044076,0.3645036563,0.333697533,0.3502918202,0.3836450407,0.4108179302,0.4122225086,0.431960245,0.4238878915,0.4504156567,0.4514279139,0.4376293724,0.462543626,0.4010389101,0.4389736591,0.4319493224,0.4354113653,0.3941695239,0.387760682,0.413768791,0.3560672064,0.4668472305,0.2841452962,null,null,null,null,null,null,null,null,null,null,null,null,null,null,null,null,null,null,null,null,null,null,null,null,null]},"qmean_version":"4.3.0"},"membrane":{"is_transmem":false,"mem_param":{},"transfer":{"biounit_is_transmem":true,"coverage":0.0325779037}}}