{
  "built_with": "ProMod3 3.2.1",
  "coverage": 0.4727272689,
  "excluded_ligands": [
    {
      "description": "ADENOSINE-5'-DIPHOSPHATE",
      "ligands": [
        {
          "exclusion_reason": "Binding site not conserved.",
          "number": "2"
        },
        {
          "exclusion_reason": "Binding site not conserved.",
          "number": "4"
        },
        {
          "exclusion_reason": "Binding site not conserved.",
          "number": "6"
        },
        {
          "exclusion_reason": "Binding site not conserved.",
          "number": "7"
        },
        {
          "exclusion_reason": "Binding site not conserved.",
          "number": "8"
        }
      ],
      "name": "ADP"
    },
    {
      "description": "CARDIOLIPIN",
      "ligands": [
        {
          "exclusion_reason": "Binding site not conserved.",
          "number": "13"
        },
        {
          "exclusion_reason": "Binding site not conserved.",
          "number": "14"
        },
        {
          "exclusion_reason": "Binding site not conserved.",
          "number": "15"
        }
      ],
      "name": "CDL"
    },
    {
      "description": "1,2-DIPALMITOYL-PHOSPHATIDYL-GLYCEROLE",
      "ligands": [
        {
          "exclusion_reason": "Binding site not conserved.",
          "number": "9"
        },
        {
          "exclusion_reason": "Binding site not conserved.",
          "number": "10"
        },
        {
          "exclusion_reason": "Binding site not conserved.",
          "number": "12"
        },
        {
          "exclusion_reason": "Binding site not conserved.",
          "number": "16"
        },
        {
          "exclusion_reason": "Binding site not conserved.",
          "number": "17"
        },
        {
          "exclusion_reason": "Binding site not conserved.",
          "number": "18"
        }
      ],
      "name": "LHG"
    },
    {
      "description": "MAGNESIUM ION",
      "ligands": [
        {
          "exclusion_reason": "Binding site not conserved.",
          "number": "1"
        },
        {
          "exclusion_reason": "Binding site not conserved.",
          "number": "3"
        },
        {
          "exclusion_reason": "Not in contact with model.",
          "number": "5"
        }
      ],
      "name": "MG"
    },
    {
      "description": "O-[(R)-{[(2R)-2,3-bis(octadecanoyloxy)propyl]oxy}(hydroxy)phosphoryl]-L-serine",
      "ligands": [
        {
          "exclusion_reason": "Binding site not conserved.",
          "number": "11"
        }
      ],
      "name": "P5S"
    },
    {
      "description": "O-[(S)-hydroxy{[(2S)-2-hydroxy-3-(octadec-9-enoyloxy)propyl]oxy}phosphoryl]-L-serine",
      "ligands": [
        {
          "exclusion_reason": "Binding site not conserved.",
          "number": "19"
        }
      ],
      "name": "S12"
    }
  ],
  "gmqe": 0.1514948475,
  "included_ligands": [],
  "json_version": "0.1",
  "major_issues": null,
  "model_id": "02",
  "oligo_based_on": "monomer",
  "oligo_state": "monomer",
  "pdb_release": "2022-03-04",
  "project_title": "atp8_tem",
  "qmean_global": {
    "acc_agreement_norm_score": 0.3846153846,
    "acc_agreement_z_score": -2.6870095744,
    "avg_local_score": 0.3963508631,
    "avg_local_score_error": 0.115,
    "cbeta_norm_score": -0.0027382239,
    "cbeta_z_score": -1.4776663896,
    "interaction_norm_score": -0.0274026143,
    "interaction_z_score": -0.4022392312,
    "packing_norm_score": 0.11558026490000001,
    "packing_z_score": -2.34639245,
    "qmean4_norm_score": 0.3637298905,
    "qmean4_z_score": -3.3690679954,
    "qmean6_norm_score": 0.3867606791,
    "qmean6_z_score": -2.6914748357000002,
    "ss_agreement_norm_score": 0.5769113904000001,
    "ss_agreement_z_score": 0.2094078066,
    "torsion_norm_score": 0.5145847611000001,
    "torsion_z_score": -2.8833597586
  },
  "sequence_identity": 30.7692298889,
  "sequence_similarity": 0.3282050788,
  "smtl_version": "2022-03-10",
  "status": "COMPLETED",
  "targets": [
    {
      "model_chains": [
        {
          "dssp": "----CGGGCSSSHHHHHHHHHIIIIIIHHC",
          "id": "Y",
          "qmean": [
            null,
            null,
            null,
            null,
            0.30000000000000004,
            0.34,
            0.39,
            0.35000000000000003,
            0.36,
            0.33,
            0.35000000000000003,
            0.38,
            0.41000000000000003,
            0.41000000000000003,
            0.43,
            0.42,
            0.45,
            0.45,
            0.44,
            0.46,
            0.4,
            0.44,
            0.43,
            0.44,
            0.39,
            0.39,
            0.41000000000000003,
            0.36,
            0.47000000000000003,
            0.28,
            null,
            null,
            null,
            null,
            null,
            null,
            null,
            null,
            null,
            null,
            null,
            null,
            null,
            null,
            null,
            null,
            null,
            null,
            null,
            null,
            null,
            null,
            null,
            null,
            null
          ],
          "residue_from": "5",
          "residue_to": "30",
          "templates": [
            {
              "alignment": {
                "target_sequence": "IMWVMPQLSPSLGYIFTSFTWLILFCALCSLWSDSPWSIRPSKANGLDLKQFSLL",
                "template_sequence": "----MPQLDTSTWLTMILSMFLVLFIIFQL-------------------------"
              },
              "coverage": 0.4727272689,
              "description": "ATP synthase protein 8",
              "found_by": "HHblits",
              "gmqe": 0.2019239962,
              "method": "ELECTRON MICROSCOPY",
              "offset": 0,
              "oligo_state": "monomer",
              "qualified_name": "6tt7.1.Y",
              "sequence_identity": 30.7692298889,
              "sequence_similarity": 0.3282050788,
              "short_method": "EM",
              "title": "Ovine ATP synthase 1a state"
            }
          ]
        }
      ],
      "target_sequence": "IMWVMPQLSPSLGYIFTSFTWLILFCALCSLWSDSPWSIRPSKANGLDLKQFSLL",
      "target_sequence_annotations": {
        "psipred": "CCCCCCCCCHHHHHHHHHHHHHHHHHHHHHHHHCCCCCCCCCCCCCCCCHHCCCC"
      }
    }
  ]
}