{"modelling":{"id":"1addc37fbc91a6a2209a3f7c4af1c7c44fe9ae9e","trg_seq":"IMWVMPQLSPSLGYIFTSFTWLILFCALCSLWSDSPWSIRPSKANGLDLKQFSLL","tpl_seq":"----MPQLDTSTWLTMILSMFLVLFIIFQL-------------------------","pdb_id":"6tt7","chain":"Y","method":"ELECTRON MICROSCOPY","short_method":"EM","coverage":0.4727272689,"resolution":0.0,"description":"ATP synthase protein 8","seq_sim":0.3282050788,"assembly_id":1,"score":0.7195464969,"pred_lddt":0.2019239962,"seq_id":30.7692298889,"found_by":"HHblits","oligo_state":"monomer","comment":"e_value=0.004, p_value=4e-07, score=31.2, ss_score=4.8, prob=95.2, gmqe_dist_const=0.8046173453330994, gmqe_reduced=0.21160365641117096, gmqe_cb_packing=0.5885897874832153, gmqe_torsion=0.489373117685318, gmqe_ss_agreement=0.7452748417854309, gmqe_coverage=0.4727272689342499, gmqe_seq_id=30.769229888916016, gmqe_seq_sim=0.3282051384449005, gmqe_n_insertions=0, gmqe_n_deletions=0, gmqe_seqres_length=55, gmqe_seqres_coverage=0.4727272727272727, gmqe_profile_aln_score=31.2, gmqe_avg_entropy=0.20150093734264374","offset":0,"starttime":"16-03-22 (09:36:39)","QMean":{"global_scores":{"qmean4_norm_score":0.3637298905,"qmean4_z_score":-3.3690679954,"qmean6_norm_score":0.3867606791,"qmean6_z_score":-2.6914748357,"interaction_norm_score":-0.0274026143,"interaction_z_score":-0.4022392312,"cbeta_norm_score":-0.0027382239,"cbeta_z_score":-1.4776663896,"packing_norm_score":0.1155802649,"packing_z_score":-2.34639245,"torsion_norm_score":0.5145847611,"torsion_z_score":-2.8833597586,"ss_agreement_norm_score":0.5769113904,"ss_agreement_z_score":0.2094078066,"acc_agreement_norm_score":0.3846153846,"acc_agreement_z_score":-2.6870095744,"avg_local_score":0.3963508631,"avg_local_score_error":0.115},"local_scores":{"Y":[null,null,null,null,0.2970730712,0.3430295449,0.3920402346,0.3498044076,0.3645036563,0.333697533,0.3502918202,0.3836450407,0.4108179302,0.4122225086,0.431960245,0.4238878915,0.4504156567,0.4514279139,0.4376293724,0.462543626,0.4010389101,0.4389736591,0.4319493224,0.4354113653,0.3941695239,0.387760682,0.413768791,0.3560672064,0.4668472305,0.2841452962,null,null,null,null,null,null,null,null,null,null,null,null,null,null,null,null,null,null,null,null,null,null,null,null,null]},"qmean_version":"4.3.0"},"title":"Modelling","endtime":"16-03-22 (09:36:44)","mod_engine":["ProMod3"],"ProMod3":{"version":"3.2.1"},"ProMod":null,"MODELLER":null,"SPDBV":null}}