{"creation_date":"2022-03-16","ligands":[],"mod_engine":"PROMOD3","pred_lddt":0.0709123095,"mdlchain_butpl_map":{"A":"6r2s.1.A"},"mdl_smtl_map":{"A":"A"},"tpl_info":{"6r2s.1.A":{"origin":"reference database","label_asym_id":"A","label_smtl_id":"A","entity_type":"polymer","entity_id":"1"}},"major_issues":null,"oligo":{"based_on":"monomer","state":"monomer","state_bu":"hetero-1-1-1-mer","state_tpl":"monomer","qs_prediction":"0.000","qs_conserved":"not conserved","chains_to_mdl":1,"res_to_mdl":37},"modified_template":false,"residue_range":[{"chain_name":"A","residue_from":"17","residue_to":"37"}],"chain_subprj_list":null,"templates":["c338edcd5fb4f2cd6181bb0dfe164b293bdd6a24"],"aln_map":{"A":[["target","IFILMFLLITALALSKKSNILLSTSQKEAKIHSPIIFYMKWQMNASALSAYYD",0],["pdb_id=6r2s, chain=A, assembly_id=1, offset=3 atoms","----------------DIVMTQSPSTLSASVGDRVTI----------------",0]]},"plip":{},"qmean_values":{"global_scores":{"qmean4_norm_score":0.443532632,"qmean4_z_score":-2.6927064867,"qmean6_norm_score":0.4647675541,"qmean6_z_score":-2.1221979075,"interaction_norm_score":-0.011555472,"interaction_z_score":-0.9866705737,"cbeta_norm_score":-0.0353622598,"cbeta_z_score":0.7333520493,"packing_norm_score":0.3211291004,"packing_z_score":-3.3835319114,"torsion_norm_score":0.3084022824,"torsion_z_score":-2.0710761284,"ss_agreement_norm_score":0.2334817442,"ss_agreement_z_score":-0.6985072135,"acc_agreement_norm_score":0.5238095238,"acc_agreement_z_score":-1.5151260106,"avg_local_score":0.1972034687,"avg_local_score_error":0.115},"local_scores":{"A":[null,null,null,null,null,null,null,null,null,null,null,null,null,null,null,null,0.1702945369,0.1554874213,0.1126944234,0.0900072446,0.134637153,0.173330396,0.2196303218,0.259040263,0.3106512225,0.2722352004,0.2739970377,0.2546786184,0.2385156462,0.2298593164,0.1312767321,0.1167681033,0.2059364973,0.1862411122,0.1901750301,0.2168626389,0.1989539268,null,null,null,null,null,null,null,null,null,null,null,null,null,null,null,null]},"qmean_version":"4.3.0"},"membrane":{"is_transmem":false,"mem_param":{},"transfer":{"biounit_is_transmem":false,"coverage":0.0}}}