{
  "built_with": "ProMod3 3.2.1",
  "coverage": 0.698113203,
  "excluded_ligands": [],
  "gmqe": 0.0709123095,
  "included_ligands": [],
  "json_version": "0.1",
  "major_issues": null,
  "model_id": "01",
  "oligo_based_on": "monomer",
  "oligo_state": "monomer",
  "pdb_release": "2022-03-04",
  "project_title": "atp8_are",
  "qmean_global": {
    "acc_agreement_norm_score": 0.5238095238,
    "acc_agreement_z_score": -1.5151260106,
    "avg_local_score": 0.1972034687,
    "avg_local_score_error": 0.115,
    "cbeta_norm_score": -0.035362259800000004,
    "cbeta_z_score": 0.7333520493,
    "interaction_norm_score": -0.011555472,
    "interaction_z_score": -0.9866705737,
    "packing_norm_score": 0.32112910040000003,
    "packing_z_score": -3.3835319114,
    "qmean4_norm_score": 0.44353263200000004,
    "qmean4_z_score": -2.6927064867,
    "qmean6_norm_score": 0.46476755410000004,
    "qmean6_z_score": -2.1221979075,
    "ss_agreement_norm_score": 0.2334817442,
    "ss_agreement_z_score": -0.6985072135,
    "torsion_norm_score": 0.3084022824,
    "torsion_z_score": -2.0710761284
  },
  "sequence_identity": 21.6216220856,
  "sequence_similarity": 0.3045044839,
  "smtl_version": "2022-03-10",
  "status": "COMPLETED",
  "targets": [
    {
      "model_chains": [
        {
          "dssp": "----------------CCCCCCSCSCCCCCTTCCCCC",
          "id": "A",
          "qmean": [
            null,
            null,
            null,
            null,
            null,
            null,
            null,
            null,
            null,
            null,
            null,
            null,
            null,
            null,
            null,
            null,
            0.17,
            0.16,
            0.11,
            0.09,
            0.13,
            0.17,
            0.22,
            0.26,
            0.31,
            0.27,
            0.27,
            0.25,
            0.24,
            0.23,
            0.13,
            0.12,
            0.21,
            0.19,
            0.19,
            0.22,
            0.2,
            null,
            null,
            null,
            null,
            null,
            null,
            null,
            null,
            null,
            null,
            null,
            null,
            null,
            null,
            null,
            null
          ],
          "residue_from": "17",
          "residue_to": "37",
          "templates": [
            {
              "alignment": {
                "target_sequence": "IFILMFLLITALALSKKSNILLSTSQKEAKIHSPIIFYMKWQMNASALSAYYD",
                "template_sequence": "SCIILFLVATATGVHGDIVMTQSPSTLSASVGDRVTI----------------"
              },
              "coverage": 0.698113203,
              "description": "Antibody DB9 light chain",
              "found_by": "HHblits",
              "gmqe": 0.1326389164,
              "method": "X-RAY DIFFRACTION",
              "offset": 3,
              "oligo_state": "monomer",
              "qualified_name": "6r2s.1.A",
              "resolution": 3.0399999619,
              "sequence_identity": 21.6216220856,
              "sequence_similarity": 0.3045044839,
              "short_method": "X-ray",
              "title": "The structure of Plasmodium vivax Duffy binding protein (PvDBP) bound to human antibody DB9"
            }
          ]
        }
      ],
      "target_sequence": "IFILMFLLITALALSKKSNILLSTSQKEAKIHSPIIFYMKWQMNASALSAYYD",
      "target_sequence_annotations": {
        "psipred": "CHHHHHHHHHHHHHHCCCCEEEECCCCCCCCCCCEEEEEECCCCHHHHHHHCC"
      }
    }
  ]
}