{"modelling":{"id":"c338edcd5fb4f2cd6181bb0dfe164b293bdd6a24","trg_seq":"IFILMFLLITALALSKKSNILLSTSQKEAKIHSPIIFYMKWQMNASALSAYYD","tpl_seq":"SCIILFLVATATGVHGDIVMTQSPSTLSASVGDRVTI----------------","pdb_id":"6r2s","chain":"A","method":"X-RAY DIFFRACTION","short_method":"X-ray","coverage":0.698113203,"resolution":3.0399999619,"description":"Antibody DB9 light chain","seq_sim":0.3045044839,"assembly_id":1,"score":1.0308582783,"pred_lddt":0.1326389164,"seq_id":21.6216220856,"found_by":"HHblits","oligo_state":"monomer","comment":"e_value=70, p_value=0.012, score=13.1, ss_score=2.4, prob=8.1, gmqe_dist_const=0.5708661079406738, gmqe_reduced=0.15494948625564575, gmqe_cb_packing=0.34559014439582825, gmqe_torsion=0.3735553026199341, gmqe_ss_agreement=0.5716405510902405, gmqe_coverage=0.3962264060974121, gmqe_seq_id=14.285714149475098, gmqe_seq_sim=0.2698412537574768, gmqe_n_insertions=0, gmqe_n_deletions=0, gmqe_seqres_length=53, gmqe_seqres_coverage=0.6981132075471698, gmqe_profile_aln_score=13.1, gmqe_avg_entropy=0.0","offset":3,"starttime":"16-03-22 (09:36:29)","QMean":{"global_scores":{"qmean4_norm_score":0.443532632,"qmean4_z_score":-2.6927064867,"qmean6_norm_score":0.4647675541,"qmean6_z_score":-2.1221979075,"interaction_norm_score":-0.011555472,"interaction_z_score":-0.9866705737,"cbeta_norm_score":-0.0353622598,"cbeta_z_score":0.7333520493,"packing_norm_score":0.3211291004,"packing_z_score":-3.3835319114,"torsion_norm_score":0.3084022824,"torsion_z_score":-2.0710761284,"ss_agreement_norm_score":0.2334817442,"ss_agreement_z_score":-0.6985072135,"acc_agreement_norm_score":0.5238095238,"acc_agreement_z_score":-1.5151260106,"avg_local_score":0.1972034687,"avg_local_score_error":0.115},"local_scores":{"A":[null,null,null,null,null,null,null,null,null,null,null,null,null,null,null,null,0.1702945369,0.1554874213,0.1126944234,0.0900072446,0.134637153,0.173330396,0.2196303218,0.259040263,0.3106512225,0.2722352004,0.2739970377,0.2546786184,0.2385156462,0.2298593164,0.1312767321,0.1167681033,0.2059364973,0.1862411122,0.1901750301,0.2168626389,0.1989539268,null,null,null,null,null,null,null,null,null,null,null,null,null,null,null,null]},"qmean_version":"4.3.0"},"title":"Modelling","endtime":"16-03-22 (09:36:34)","mod_engine":["ProMod3"],"ProMod3":{"version":"3.2.1"},"ProMod":null,"MODELLER":null,"SPDBV":null}}