{"creation_date":"2022-03-16","ligands":[{"description":"COPPER (II) ION","name":["CU"],"number":"1","included":false,"model_binding_residues":[],"reason":{"bound":true,"relevant":true,"conserved_residues":false,"sterically_valid":false}},{"description":"COPPER (II) ION","name":["CU"],"number":"6","included":false,"model_binding_residues":[],"reason":{"bound":true,"relevant":true,"conserved_residues":false,"sterically_valid":false}},{"description":"COPPER (II) ION","name":["CU"],"number":"7","included":false,"model_binding_residues":[],"reason":{"bound":true,"relevant":true,"conserved_residues":false,"sterically_valid":false}},{"description":"MAGNESIUM ION","name":["MG"],"number":"2","included":false,"model_binding_residues":[],"reason":{"bound":true,"relevant":true,"conserved_residues":false,"sterically_valid":false}},{"description":"HEME-A","name":["HEA"],"number":"3","included":false,"model_binding_residues":[],"reason":{"bound":true,"relevant":true,"conserved_residues":false,"sterically_valid":false}},{"description":"HEME-A","name":["HEA"],"number":"4","included":false,"model_binding_residues":[],"reason":{"bound":true,"relevant":true,"conserved_residues":false,"sterically_valid":false}},{"description":"1,2-Dioleoyl-sn-glycero-3-phosphoethanolamine","name":["PEE"],"number":"5","included":false,"model_binding_residues":[],"reason":{"bound":true,"relevant":true,"conserved_residues":false,"sterically_valid":false}},{"description":"1,2-Dioleoyl-sn-glycero-3-phosphoethanolamine","name":["PEE"],"number":"8","included":false,"model_binding_residues":[],"reason":{"bound":true,"relevant":true,"conserved_residues":false,"sterically_valid":false}},{"description":"1,2-Dioleoyl-sn-glycero-3-phosphoethanolamine","name":["PEE"],"number":"9","included":false,"model_binding_residues":[],"reason":{"bound":true,"relevant":true,"conserved_residues":false,"sterically_valid":false}},{"description":"CARDIOLIPIN","name":["CDL"],"number":"10","included":false,"model_binding_residues":[],"reason":{"bound":true,"relevant":true,"conserved_residues":false,"sterically_valid":false}},{"description":"ZINC ION","name":["ZN"],"number":"11","included":false,"model_binding_residues":[],"reason":{"bound":true,"relevant":true,"conserved_residues":false,"sterically_valid":false}}],"mod_engine":"PROMOD3","pred_lddt":0.4213534578,"mdlchain_butpl_map":{"N":"5z62.1.N"},"mdl_smtl_map":{"N":"N"},"tpl_info":{"5z62.1.N":{"origin":"reference database","label_asym_id":"N","label_smtl_id":"N","entity_type":"polymer","entity_id":"14"}},"major_issues":null,"oligo":{"based_on":"monomer","state":"monomer","state_bu":"hetero-1-1-1-1-1-1-1-1-1-1-1-1-1-1-mer","state_tpl":"monomer","qs_prediction":"0.000","qs_conserved":"not conserved","chains_to_mdl":1,"res_to_mdl":35},"modified_template":false,"residue_range":[{"chain_name":"N","residue_from":"2","residue_to":"38"}],"chain_subprj_list":null,"templates":["bde5950728f869aafa94118e72ad8be580c98508"],"aln_map":{"N":[["target","MPQLSPMFGDMMFLFIIGFYTILMCNLSKKQPFVTPSAMKKSSKVSHRFFS",0],["pdb_id=5z62, chain=N, assembly_id=1, offset=10 atoms","-PSLIPLFVFIGTGATGATLYLLRLAL--FNPDVCWDR-------------",10]]},"plip":{},"qmean_values":{"global_scores":{"qmean4_norm_score":0.3972576813,"qmean4_z_score":-3.0849059883,"qmean6_norm_score":0.4074116693,"qmean6_z_score":-2.5407684746,"interaction_norm_score":-0.0132168784,"interaction_z_score":-0.9253990876,"cbeta_norm_score":0.0107921927,"cbeta_z_score":-2.3946590234,"packing_norm_score":-0.2311027203,"packing_z_score":-0.5971312409,"torsion_norm_score":0.5569459468,"torsion_z_score":-3.050247352,"ss_agreement_norm_score":0.742315533,"ss_agreement_z_score":0.6466819531,"acc_agreement_norm_score":0.3783783784,"acc_agreement_z_score":-2.7395192932,"avg_local_score":0.5258999099,"avg_local_score_error":0.115},"local_scores":{"N":[null,0.4014698352,0.4132264523,0.5556838073,0.5906949707,0.5752479567,0.5802811112,0.5554982283,0.6742482167,0.6389368879,0.5969512851,0.5936987813,0.5776868144,0.6044536761,0.5627677864,0.6309657176,0.626358843,0.6670247376,0.5773576954,0.594094667,0.6096657127,0.5824276066,0.5802463398,0.4864215982,0.522819126,0.4831672998,0.4687900731,0.3141344349,0.337784574,0.4609741045,0.4518631009,0.4792010009,0.4140467872,0.4615234199,0.4272872006,0.4372572462,0.439774216,0.4842653545,null,null,null,null,null,null,null,null,null,null,null,null,null]},"qmean_version":"4.3.0"},"membrane":{"is_transmem":false,"mem_param":{},"transfer":{"biounit_is_transmem":true,"coverage":0.0380952381}}}