{
  "built_with": "ProMod3 3.2.1",
  "coverage": 0.6862745285,
  "excluded_ligands": [
    {
      "description": "CARDIOLIPIN",
      "ligands": [
        {
          "exclusion_reason": "Binding site not conserved.",
          "number": "10"
        }
      ],
      "name": "CDL"
    },
    {
      "description": "COPPER (II) ION",
      "ligands": [
        {
          "exclusion_reason": "Binding site not conserved.",
          "number": "1"
        },
        {
          "exclusion_reason": "Binding site not conserved.",
          "number": "6"
        },
        {
          "exclusion_reason": "Binding site not conserved.",
          "number": "7"
        }
      ],
      "name": "CU"
    },
    {
      "description": "HEME-A",
      "ligands": [
        {
          "exclusion_reason": "Binding site not conserved.",
          "number": "3"
        },
        {
          "exclusion_reason": "Binding site not conserved.",
          "number": "4"
        }
      ],
      "name": "HEA"
    },
    {
      "description": "MAGNESIUM ION",
      "ligands": [
        {
          "exclusion_reason": "Binding site not conserved.",
          "number": "2"
        }
      ],
      "name": "MG"
    },
    {
      "description": "1,2-Dioleoyl-sn-glycero-3-phosphoethanolamine",
      "ligands": [
        {
          "exclusion_reason": "Binding site not conserved.",
          "number": "5"
        },
        {
          "exclusion_reason": "Binding site not conserved.",
          "number": "8"
        },
        {
          "exclusion_reason": "Binding site not conserved.",
          "number": "9"
        }
      ],
      "name": "PEE"
    },
    {
      "description": "ZINC ION",
      "ligands": [
        {
          "exclusion_reason": "Binding site not conserved.",
          "number": "11"
        }
      ],
      "name": "ZN"
    }
  ],
  "gmqe": 0.4213534578,
  "included_ligands": [],
  "json_version": "0.1",
  "major_issues": null,
  "model_id": "02",
  "oligo_based_on": "monomer",
  "oligo_state": "monomer",
  "pdb_release": "2022-03-04",
  "project_title": "atp8_tub",
  "qmean_global": {
    "acc_agreement_norm_score": 0.3783783784,
    "acc_agreement_z_score": -2.7395192932,
    "avg_local_score": 0.5258999099,
    "avg_local_score_error": 0.115,
    "cbeta_norm_score": 0.0107921927,
    "cbeta_z_score": -2.3946590234,
    "interaction_norm_score": -0.0132168784,
    "interaction_z_score": -0.9253990876,
    "packing_norm_score": -0.2311027203,
    "packing_z_score": -0.5971312409,
    "qmean4_norm_score": 0.3972576813,
    "qmean4_z_score": -3.0849059883,
    "qmean6_norm_score": 0.4074116693,
    "qmean6_z_score": -2.5407684746,
    "ss_agreement_norm_score": 0.7423155330000001,
    "ss_agreement_z_score": 0.6466819531,
    "torsion_norm_score": 0.5569459468,
    "torsion_z_score": -3.050247352
  },
  "sequence_identity": 22.8571434021,
  "sequence_similarity": 0.2723809183,
  "smtl_version": "2022-03-10",
  "status": "COMPLETED",
  "targets": [
    {
      "model_chains": [
        {
          "dssp": "-CTTHHHHHHHHHHHHHHHHHHHHHHSTTTCSSCGGGC",
          "id": "N",
          "qmean": [
            null,
            0.4,
            0.41000000000000003,
            0.56,
            0.59,
            0.58,
            0.58,
            0.56,
            0.67,
            0.64,
            0.6000000000000001,
            0.59,
            0.58,
            0.6000000000000001,
            0.56,
            0.63,
            0.63,
            0.67,
            0.58,
            0.59,
            0.61,
            0.58,
            0.58,
            0.49,
            0.52,
            0.48,
            0.47000000000000003,
            0.31,
            0.34,
            0.46,
            0.45,
            0.48,
            0.41000000000000003,
            0.46,
            0.43,
            0.44,
            0.44,
            0.48,
            null,
            null,
            null,
            null,
            null,
            null,
            null,
            null,
            null,
            null,
            null,
            null,
            null
          ],
          "residue_from": "2",
          "residue_to": "38",
          "templates": [
            {
              "alignment": {
                "target_sequence": "MPQLSPMFGDMMFLFIIGFYTILMCNLSKKQPFVTPSAMKKSSKVSHRFFS",
                "template_sequence": "-PSLIPLFVFIGTGATGATLYLLRLAL--FNPDVCWDR-------------"
              },
              "coverage": 0.6862745285,
              "description": "Cytochrome c oxidase subunit NDUFA4",
              "found_by": "HHblits",
              "gmqe": 0.4475002289,
              "method": "ELECTRON MICROSCOPY",
              "offset": 10,
              "oligo_state": "monomer",
              "qualified_name": "5z62.1.N",
              "sequence_identity": 22.8571434021,
              "sequence_similarity": 0.2723809183,
              "short_method": "EM",
              "title": "Structure of human cytochrome c oxidase"
            }
          ]
        }
      ],
      "target_sequence": "MPQLSPMFGDMMFLFIIGFYTILMCNLSKKQPFVTPSAMKKSSKVSHRFFS",
      "target_sequence_annotations": {
        "psipred": "CCCCCHHHHHHHHHHHHHHHHHHHHHHCCCCCCCCCCCCCCCCCCCCCCCC"
      }
    }
  ]
}